[
    {
        "Intensity": -3,
        "R": 0,
        "G": 0,
        "B": 205
    },
    {
        "Intensity": -2.9,
        "R": 0,
        "G": 7,
        "B": 209
    },
    {
        "Intensity": -2.8,
        "R": 0,
        "G": 14,
        "B": 214
    },
    {
        "Intensity": -2.7,
        "R": 0,
        "G": 21,
        "B": 218
    },
    {
        "Intensity": -2.6,
        "R": 0,
        "G": 28,
        "B": 223
    },
    {
        "Intensity": -2.5,
        "R": 0,
        "G": 36,
        "B": 227
    },
    {
        "Intensity": -2.4,
        "R": 0,
        "G": 43,
        "B": 231
    },
    {
        "Intensity": -2.3,
        "R": 0,
        "G": 50,
        "B": 236
    },
    {
        "Intensity": -2.2,
        "R": 0,
        "G": 57,
        "B": 240
    },
    {
        "Intensity": -2.1,
        "R": 0,
        "G": 64,
        "B": 245
    },
    {
        "Intensity": -2,
        "R": 0,
        "G": 72,
        "B": 250
    },
    {
        "Intensity": -1.9,
        "R": 0,
        "G": 85,
        "B": 238
    },
    {
        "Intensity": -1.8,
        "R": 0,
        "G": 99,
        "B": 227
    },
    {
        "Intensity": -1.7,
        "R": 0,
        "G": 112,
        "B": 216
    },
    {
        "Intensity": -1.6,
        "R": 0,
        "G": 126,
        "B": 205
    },
    {
        "Intensity": -1.5,
        "R": 0,
        "G": 140,
        "B": 194
    },
    {
        "Intensity": -1.4,
        "R": 0,
        "G": 153,
        "B": 183
    },
    {
        "Intensity": -1.3,
        "R": 0,
        "G": 167,
        "B": 172
    },
    {
        "Intensity": -1.2,
        "R": 0,
        "G": 180,
        "B": 161
    },
    {
        "Intensity": -1.1,
        "R": 0,
        "G": 194,
        "B": 150
    },
    {
        "Intensity": -1,
        "R": 0,
        "G": 208,
        "B": 139
    },
    {
        "Intensity": -0.9,
        "R": 6,
        "G": 212,
        "B": 130
    },
    {
        "Intensity": -0.8,
        "R": 12,
        "G": 216,
        "B": 121
    },
    {
        "Intensity": -0.7,
        "R": 18,
        "G": 220,
        "B": 113
    },
    {
        "Intensity": -0.6,
        "R": 25,
        "G": 224,
        "B": 104
    },
    {
        "Intensity": -0.5,
        "R": 31,
        "G": 228,
        "B": 96
    },
    {
        "Intensity": -0.4,
        "R": 37,
        "G": 233,
        "B": 88
    },
    {
        "Intensity": -0.3,
        "R": 44,
        "G": 237,
        "B": 79
    },
    {
        "Intensity": -0.2,
        "R": 50,
        "G": 241,
        "B": 71
    },
    {
        "Intensity": -0.1,
        "R": 56,
        "G": 245,
        "B": 62
    },
    {
        "Intensity": 0,
        "R": 63,
        "G": 250,
        "B": 54
    },
    {
        "Intensity": 0.1,
        "R": 75,
        "G": 250,
        "B": 49
    },
    {
        "Intensity": 0.2,
        "R": 88,
        "G": 250,
        "B": 45
    },
    {
        "Intensity": 0.3,
        "R": 100,
        "G": 251,
        "B": 41
    },
    {
        "Intensity": 0.4,
        "R": 113,
        "G": 251,
        "B": 37
    },
    {
        "Intensity": 0.5,
        "R": 125,
        "G": 252,
        "B": 33
    },
    {
        "Intensity": 0.6,
        "R": 138,
        "G": 252,
        "B": 28
    },
    {
        "Intensity": 0.7,
        "R": 151,
        "G": 253,
        "B": 24
    },
    {
        "Intensity": 0.8,
        "R": 163,
        "G": 253,
        "B": 20
    },
    {
        "Intensity": 0.9,
        "R": 176,
        "G": 254,
        "B": 16
    },
    {
        "Intensity": 1,
        "R": 189,
        "G": 255,
        "B": 12
    },
    {
        "Intensity": 1.1,
        "R": 195,
        "G": 254,
        "B": 10
    },
    {
        "Intensity": 1.2,
        "R": 202,
        "G": 254,
        "B": 9
    },
    {
        "Intensity": 1.3,
        "R": 208,
        "G": 254,
        "B": 8
    },
    {
        "Intensity": 1.4,
        "R": 215,
        "G": 254,
        "B": 7
    },
    {
        "Intensity": 1.5,
        "R": 222,
        "G": 255,
        "B": 5
    },
    {
        "Intensity": 1.6,
        "R": 228,
        "G": 254,
        "B": 4
    },
    {
        "Intensity": 1.7,
        "R": 235,
        "G": 255,
        "B": 3
    },
    {
        "Intensity": 1.8,
        "R": 241,
        "G": 254,
        "B": 2
    },
    {
        "Intensity": 1.9,
        "R": 248,
        "G": 255,
        "B": 1
    },
    {
        "Intensity": 2,
        "R": 255,
        "G": 255,
        "B": 0
    },
    {
        "Intensity": 2.1,
        "R": 254,
        "G": 251,
        "B": 0
    },
    {
        "Intensity": 2.2,
        "R": 254,
        "G": 248,
        "B": 0
    },
    {
        "Intensity": 2.3,
        "R": 254,
        "G": 244,
        "B": 0
    },
    {
        "Intensity": 2.4,
        "R": 254,
        "G": 241,
        "B": 0
    },
    {
        "Intensity": 2.5,
        "R": 255,
        "G": 238,
        "B": 0
    },
    {
        "Intensity": 2.6,
        "R": 254,
        "G": 234,
        "B": 0
    },
    {
        "Intensity": 2.7,
        "R": 255,
        "G": 231,
        "B": 0
    },
    {
        "Intensity": 2.8,
        "R": 254,
        "G": 227,
        "B": 0
    },
    {
        "Intensity": 2.9,
        "R": 255,
        "G": 224,
        "B": 0
    },
    {
        "Intensity": 3,
        "R": 255,
        "G": 221,
        "B": 0
    },
    {
        "Intensity": 3.1,
        "R": 254,
        "G": 213,
        "B": 0
    },
    {
        "Intensity": 3.2,
        "R": 254,
        "G": 205,
        "B": 0
    },
    {
        "Intensity": 3.3,
        "R": 254,
        "G": 197,
        "B": 0
    },
    {
        "Intensity": 3.4,
        "R": 254,
        "G": 190,
        "B": 0
    },
    {
        "Intensity": 3.5,
        "R": 255,
        "G": 182,
        "B": 0
    },
    {
        "Intensity": 3.6,
        "R": 254,
        "G": 174,
        "B": 0
    },
    {
        "Intensity": 3.7,
        "R": 255,
        "G": 167,
        "B": 0
    },
    {
        "Intensity": 3.8,
        "R": 254,
        "G": 159,
        "B": 0
    },
    {
        "Intensity": 3.9,
        "R": 255,
        "G": 151,
        "B": 0
    },
    {
        "Intensity": 4,
        "R": 255,
        "G": 144,
        "B": 0
    },
    {
        "Intensity": 4.1,
        "R": 254,
        "G": 136,
        "B": 0
    },
    {
        "Intensity": 4.2,
        "R": 254,
        "G": 128,
        "B": 0
    },
    {
        "Intensity": 4.3,
        "R": 254,
        "G": 121,
        "B": 0
    },
    {
        "Intensity": 4.4,
        "R": 254,
        "G": 113,
        "B": 0
    },
    {
        "Intensity": 4.5,
        "R": 255,
        "G": 106,
        "B": 0
    },
    {
        "Intensity": 4.6,
        "R": 254,
        "G": 98,
        "B": 0
    },
    {
        "Intensity": 4.7,
        "R": 255,
        "G": 90,
        "B": 0
    },
    {
        "Intensity": 4.8,
        "R": 254,
        "G": 83,
        "B": 0
    },
    {
        "Intensity": 4.9,
        "R": 255,
        "G": 75,
        "B": 0
    },
    {
        "Intensity": 5,
        "R": 255,
        "G": 68,
        "B": 0
    },
    {
        "Intensity": 5.1,
        "R": 254,
        "G": 61,
        "B": 0
    },
    {
        "Intensity": 5.2,
        "R": 253,
        "G": 54,
        "B": 0
    },
    {
        "Intensity": 5.3,
        "R": 252,
        "G": 47,
        "B": 0
    },
    {
        "Intensity": 5.4,
        "R": 251,
        "G": 40,
        "B": 0
    },
    {
        "Intensity": 5.5,
        "R": 250,
        "G": 33,
        "B": 0
    },
    {
        "Intensity": 5.6,
        "R": 249,
        "G": 27,
        "B": 0
    },
    {
        "Intensity": 5.7,
        "R": 248,
        "G": 20,
        "B": 0
    },
    {
        "Intensity": 5.8,
        "R": 247,
        "G": 13,
        "B": 0
    },
    {
        "Intensity": 5.9,
        "R": 246,
        "G": 6,
        "B": 0
    },
    {
        "Intensity": 6,
        "R": 245,
        "G": 0,
        "B": 0
    },
    {
        "Intensity": 6.1,
        "R": 238,
        "G": 0,
        "B": 0
    },
    {
        "Intensity": 6.2,
        "R": 230,
        "G": 0,
        "B": 0
    },
    {
        "Intensity": 6.3,
        "R": 223,
        "G": 0,
        "B": 0
    },
    {
        "Intensity": 6.4,
        "R": 215,
        "G": 0,
        "B": 0
    },
    {
        "Intensity": 6.5,
        "R": 208,
        "G": 0,
        "B": 0
    },
    {
        "Intensity": 6.6,
        "R": 200,
        "G": 0,
        "B": 0
    },
    {
        "Intensity": 6.7,
        "R": 192,
        "G": 0,
        "B": 0
    },
    {
        "Intensity": 6.8,
        "R": 185,
        "G": 0,
        "B": 0
    },
    {
        "Intensity": 6.9,
        "R": 177,
        "G": 0,
        "B": 0
    },
    {
        "Intensity": 7.0,
        "R": 170,
        "G": 0,
        "B": 0
    }
]